checked_at_utc,price_gbp,available
2026-09-27T11:34:48Z,18.00,True
2026-09-27T11:40:28Z,18.00,True
2026-09-27T11:41:20Z,18.00,True
2026-09-27T12:02:18Z,18.00,True
2026-09-28T01:31:31Z,18.00,True
2026-09-29T02:32:55Z,18.00,True
2026-09-30T01:59:03Z,18.00,True
2026-10-01T01:59:41Z,18.00,True
2026-10-02T02:06:59Z,18.00,True
2026-10-03T01:51:34Z,18.00,True
2026-10-04T02:30:52Z,18.00,True
2026-10-05T01:47:49Z,18.00,True
2026-10-06T02:52:23Z,18.00,True
2026-10-07T02:13:47Z,18.00,True
2026-10-08T02:38:23Z,18.00,True
2026-10-09T02:53:51Z,18.00,True
